{"dimensions":{"N0":32,"N1":3,"N2":7},"inputs":["encant","gaseos","favor","com","estas","me","que","asco","horribl","quier","una","dias","noch","luj","no","gust","hamburgues","la","de","genial","pizz","por","estuv","espant","buen","excelent","tan","fea","ensal","hol","tard","orden"],"outputs":["greeting","liked","disliked","food,order,pizza","food,order,hamburger","food,order,salad","food,order,soda"],"Parameters":{"B1":[7.214522189534652e-17,7.214522189534652e-17,7.214522189534652e-17],"B2":[7.214522189534652e-17,7.214522189534652e-17,7.214522189534652e-17,7.214522189534652e-17,7.214522189534652e-17,7.214522189534652e-17,7.214522189534652e-17],"W1":[-0.014471833563491316,2.9125901580228497,2.760435017117886,-0.023616370147199937,0.021972493396078,0.00011349680943051671,-0.04266723832909201,0.00675122979336255,-0.0076792187782188884,2.3568750423091984,-0.9463175179563796,0.012063277508338322,0.014451810237339184,-0.0047104884194192976,0.003671494978990563,-0.014384722489942096,-1.1803407224571463,-0.01664737927634105,-0.00312860218949856,-0.016497839556876195,1.995414818024376,2.7845396048920525,-0.0029100556276376887,-0.010187916115622923,-0.016139359761738283,-0.009458637243344977,-0.05546499390258538,-0.021514366827426447,2.354109366501523,-0.001011321648603308,0.0014724967565884323,3.311354841696667,0.7481776570410759,-3.737073512162494,1.5184406029006563,1.3463022547855032,1.8873011817155128,-0.0025491877839294145,-0.8332146261254681,-0.6936263251421709,-1.1671195591147678,1.3322721784096991,-0.481232762192017,1.04581700159696,1.0464174041359668,0.911589830475667,-0.7428966250152936,-0.7555791053719803,4.831833058546951,0.3012154436806762,0.24336648297950783,0.6531171638979476,2.7848234738459814,1.5192836168993302,-0.3583755608807375,-1.1695118116572256,3.2254251460940426,1.0794065460308628,-0.1449309755301595,-0.25289333954915316,-0.5945997684824423,3.298680950176743,1.0482571579230975,1.7811525977528948,-0.2558495777909602,-0.000623796554107206,-0.003062098744458074,2.3225886715618524,-1.5023243756572933,0.5946330533284349,2.2398251202112376,0.8851293281097545,0.9742457810032832,-0.006329496150396153,-0.0067752354626313925,0.10470390898664442,0.10479570540167385,-0.5873394603224817,0.8697192727106136,0.8508082710643519,-0.00047916474537891974,1.5969136880069243,0.3051420448264982,0.08613767614147132,-0.0083859276251935,0.00042245822233928285,0.89114084731916,0.9645933495683586,1.0370562771967804,-0.48499723014232216,1.3488640915784915,0.6968852161972289,0.0019058029541089009,-0.00980104691979996,0.10520582460631246,0.004344799590195291],"W2":[-5.014767362871687,4.817809115289069,-1.10805530418782,-1.0012695094082356,1.9830193597718588,2.2035623157987794,-0.9002094470058346,-3.2509610052622127,3.5011721546342636,1.312420609443764,1.2346165033643917,-0.9285959528310372,-1.0374360954153994,3.3633152895189524,-2.0229183968519853,2.996916397515761,-1.90662356864158,-0.8328994855122546,3.6684139627473034,-6.271728119854975,-0.8193178536486245]}}
