{"dimensions":{"N0":32,"N1":20,"N2":7},"inputs":["com","de","genial","por","hamburgues","dias","tan","tard","estas","noch","encant","horribl","fea","hol","la","estuv","excelent","gust","una","ensal","buen","no","espant","pizz","me","luj","que","quier","orden","gaseos","asco","favor"],"outputs":["greeting","liked","disliked","food,order,pizza","food,order,hamburger","food,order,salad","food,order,soda"],"Parameters":{"B1":[0,0,0,0,0,0,0,0,0,0,0,0,0,0,0,0,0,0,0,0],"B2":[0,0,0,0,0,0,0],"W1":[-0.01233758177597947,-0.0012634751070237293,-0.005209945711531503,0.022857191176995802,0.003228052526115799,0.005900672875996937,0.0015880774017643562,0.009892020842955818,-0.007312830161774791,0.006863807850359727,0.01585403962280623,0.008382059044208105,0.012988408475174342,0.0052735839305986165,0.007324419258045132,-0.010731798210887525,0.007001209024399848,0.004315307186960532,0.009996261210112625,-0.015239676725278933,-0.0031653724289408824,0.018894642062634817,0.011007291937500208,-0.009927431907514368,0.009897104202085316,-0.006152234852777649,-0.014350469221322283,-0.021514366827426447,0.0013735037357335078,0.004428226270265666,-0.008460943734555972,-0.000827950341361492,0.0015612649528281464,-0.014506232521704712,0.002797437186631715,-0.017389063978084925,0.007027502615621813,0.0034613889615489573,-0.010695454023530204,-0.008332519091897401,0.0033028938561266174,0.017457417317779472,-0.011207140923566332,0.007567988418466964,0.009272984707640833,-0.014555058113523353,0.009730343818431852,-0.002952136538254423,0.005101161104860161,-0.004721368084958679,0.002515400440591492,-0.0008193747153356912,0.0016669071891829757,0.0036404511853055555,-0.016386410778564345,0.008356683570259135,0.011542308137100372,-0.0007503634761479323,-0.007705609478497938,-0.011232931102591555,-0.0077621320987376705,0.0067194376967664796,0.014202794967888802,-0.0036877846074736256,-0.003304567624749696,-0.0006403409122610227,-0.0024703471683023602,0.0016925095183108684,0.017356332566545615,-0.002682016396149121,-0.002058339272568599,0.0120395839043302,-0.01051665297603944,-0.004963473971126084,-0.0067752354626313925,-0.018970426594969673,-0.019616379110849087,-0.007354444798695736,0.019859192819811324,0.0009481911735496799,-0.00041138108068992485,-0.0017797227766447388,0.012037316144864172,-0.010068890314609495,-0.0083859276251935,0.0010142097984949974,-0.014030927283736653,-0.02326429855201535,0.009742831638886215,0.0024660618306928637,-0.019929623699914824,0.0062084137218846635,0.003812337402999505,-0.00980104691979996,0.004095711945594497,0.00571082176946536,0.025302384433524065,0.003710220693183181,-0.012702427184954932,-0.021788111385850663,-0.004206278126213235,-0.008575016736611518,0.00002160668602637639,-0.01192473554780324,0.02382860345431941,0.014790634590370298,0.0019126611780060766,0.00002783158124419427,0.00010006197984838928,-0.0007181249551839568,-0.004583128482062392,-0.021669240008520708,-0.004764575789661891,-0.005573091617103199,0.027311218710244462,-0.014561593266879454,0.0005247063864726959,-0.006185601112061895,0.007998764021535655,-0.009050090105333553,0.007253374879437113,0.0036345156905387877,-0.011393758758820441,-0.006206871648345162,-0.010151236806361786,0.0014347849887004038,-0.020594417963905935,-0.0005091119599674732,-0.013015014453317144,0.013140238022534381,-0.011825719235906362,0.006348258970402827,0.011005367354900679,-0.0035694726462589367,0.006109615338552246,-0.012129700099361746,0.018789137097682262,0.0001372168188043915,-0.015479987371916915,-0.0019308825866522362,-0.01585473562734406,-0.02272020840853685,0.006743469785294143,-0.006949177941434541,-0.008446087238391436,0.002313312562256752,-0.008951032281596199,0.019898577208292023,0.004141622715207298,0.0060349728544116426,-0.01216353602725291,-0.02230107839590404,0.0017628708938193071,-0.024268851042997187,0.002056087111236151,0.0023583830387061086,0.00453895310688698,0.006979486283021498,0.010291369562818873,0.00075053842842634,-0.009502718750333459,-0.0066653949367560085,-0.017294633866805548,-0.01513075503143817,-0.00621693197860817,-0.014839195058172177,-0.0137459402678662,-0.014811085572040576,-0.023422531141795006,0.00018749219406355989,0.0011078830444706356,0.002395404565618302,0.014809749472074323,-0.007092895007617789,0.0074901110999110445,0.01573019754634375,0.00666752069827389,0.0056461817568175384,-0.012326592479886198,0.018166040600089386,-0.011360169554718481,0.004898756443297467,0.013418075056661927,-0.012778355991869716,-0.013116484321619045,0.0023031012991156286,-0.000015363938390882125,0.0069052542188154055,0.008293150880880944,-0.009905792101321,0.0030282271310596532,0.002126903064587442,-0.005006674508176543,0.009792496363132315,-0.005373029968244986,-0.00041689338342593444,0.010755625449863216,0.001018923253186177,-0.0013238663870022726,0.003799730494177619,-0.003957402321033733,0.0066238624581016915,0.03330373616566419,0.010197633704826212,0.003136693224813974,-0.0038918634350420035,0.016056625030836963,-0.0019922317759568935,-0.001442025818828801,0.007533582559957397,0.0007403138574848567,-0.014644150801157921,0.01785449886707156,0.005122685761334964,-0.004977254984537542,0.004319901864357272,-0.003848478863842888,0.0017351163203482688,-0.008955484361829517,-0.011986087380007497,-0.021761934322578395,0.0021234989881610705,-0.01039638298433787,-0.0015003980587229137,-0.0003453705421861814,-0.007835539083336448,-0.0027481075055215552,0.00487014880159203,-0.003474661334819834,0.0043436701088978204,-0.006326266933680012,-0.010665352450745479,-0.004165555966947866,-0.007927754319108802,0.002841192161340725,0.0008583101848823083,-0.007145198334305654,0.0008986140720876801,-0.00006622550116871185,-0.011731565432986833,-0.0005831598830938478,-0.0025657439720221903,0.008389183994986739,-0.010382280015778882,-0.0006634118543478065,0.01714742966469174,0.013693170554134326,-0.0007948636986653135,-0.007534333779322852,0.008740668519377645,-0.005429502250545598,0.014075539599599535,-0.0042458594014071665,0.012031127158294463,-0.004656940363492548,-0.001434874268580791,0.0005737802334337161,-0.007587098728735098,0.012986883877377516,0.0002547273309364515,0.01603202757673629,-0.0037185750988919897,-0.004866792382797504,0.0010487991427502075,-0.00681164410739241,0.011934255850447936,0.0006587388195645527,0.002602856015262628,0.008439253502562517,-0.004078940512496631,0.005024864206694731,0.0002397115908260805,-0.0027500388436125056,0.017520107705679085,0.00221866263634119,-0.01471984829298286,-0.0036729938374964687,-0.004747678798458779,0.012415237162608311,0.010447325348506923,0.006523367422347265,-0.0036113983428159835,0.021652547886048167,-0.017188716264391043,-0.022018262641607205,0.006939493950845536,0.004853099458481403,-0.001483037580330037,0.0018140766392595064,0.007787028461774979,0.006370023503574721,0.012240623332259908,0.011092550787632825,0.015372446988976619,-0.0005484595494860662,-0.019568453288534286,0.0067773302282396865,-0.0011808060104393481,0.003146869891872518,-0.002277676353736174,0.0068893344365990525,-0.0009733472062453952,-0.004484582709442562,-0.0005222793487664962,-0.006806681166970898,0.0070912887646176585,-0.0008890741557795751,-0.007237296314937762,-0.006404844911135473,0.005374176286706479,0.012167526879707192,-0.0012750362788037375,-0.0018435928174783001,0.018962938509528675,-0.000174938460528222,0.0043216189500575345,0.005764597689184976,-0.0007676664335069869,-0.0062765993547348135,-0.016619117946910487,-0.011624528976892324,-0.0047049776156343264,0.00916726536547431,-0.02165433803872688,0.017536863577034652,-0.007715539550136235,-0.0031829095867422687,-0.016390695640234532,-0.01912129972238063,0.012934314350020416,0.0011608613550175757,0.0037088860124371214,-0.0014645560802083468,0.012529478282557972,0.01134105688652939,0.008169532785872725,0.0038670426633155342,-0.00430513017519461,0.00004244097299412608,0.008028870721107065,0.005707932985926283,-0.004917172774115785,0.007742348211903449,-0.000339160729930138,-0.0009617712489252472,